codigo,nombre,puntaje,org_clave,organismo,region,monto,fecha_cierre,fecha_publicacion,url
520663-35-LS10,ACTUALIZACIÓN DEL PLAN DE TRANSPORTE DEL GRAN CONCEPCIÓN,13,True,SUBSECRETARIA DE SERVICIOS SOCIALES,Región Metropolitana de Santiago,180.000.000 CLP,,2010-12-29,https://www.mercadopublico.cl/Procurement/Modules/RFB/DetailsAcquisition.aspx?idlicitacion=520663-35-LS10
660-14-LP26,MODIFICACIÓN PLAN REGULADOR COMUNAL DE VICTORIA,11,True,SUBSECRETARIA DEL MINISTERIO DE LA VIVIENDA Y URBANISMO,Región de la Araucanía ,75.000.000 CLP,2026-10-19T15:10,2026-09-25,https://www.mercadopublico.cl/Procurement/Modules/RFB/DetailsAcquisition.aspx?idlicitacion=660-14-LP26
712307-76-LE26,Consultoría para la Normalización y Mejoramiento de Sistemas Eléctricos Asociados a Rutas Peatonales ,9,True,SERVICIO DE VIVIENDA Y URBANIZACION IX REGION,Región de la Araucanía ,19.000.000 CLP,2026-10-13T15:01,2026-09-30,https://www.mercadopublico.cl/Procurement/Modules/RFB/DetailsAcquisition.aspx?idlicitacion=712307-76-LE26
2667-78-LR26,ACTUALIZACIÓN PLAN REGULADOR COMUNAL COMUNA DE VITACURA,9,False,I MUNICIPALIDAD DE VITACURA,Región Metropolitana de Santiago,550.000.000 CLP,2026-10-13T15:01,2026-08-28,https://www.mercadopublico.cl/Procurement/Modules/RFB/DetailsAcquisition.aspx?idlicitacion=2667-78-LR26
926-14-LR26,Ejecutivos de información monitores,9,True,SUBSECRETARIA DE TRANSPORTES,Región Metropolitana de Santiago,,2026-10-30T15:00,2026-09-29,https://www.mercadopublico.cl/Procurement/Modules/RFB/DetailsAcquisition.aspx?idlicitacion=926-14-LR26
2713-190-LP26,Estudio diseño parador de buses Villa Mañihuales,9,False,I MUNICIPALIDAD DE AYSEN,Región Aysén del General Carlos Ibáñez del Campo,,2026-11-02T15:01,2026-10-08,https://www.mercadopublico.cl/Procurement/Modules/RFB/DetailsAcquisition.aspx?idlicitacion=2713-190-LP26
2216-28-O126,ESTUDIO DE ANTEPROYECTO TELEFÉRICO VALPARAÍSO,9,True,MOP Dirección General de Concesiones,Región de Valparaíso ,,2026-12-21T15:00,2026-10-05,https://www.mercadopublico.cl/Procurement/Modules/RFB/DetailsAcquisition.aspx?idlicitacion=2216-28-O126
691-8-LP26,Diagnóstico y Tramitación Plan Regulador Comunal Empedrado,8,True,SUBSECRETARIA DEL MINISTERIO DE LA VIVIENDA Y URBANISMO,Región del Maule ,200.000.000 CLP,2026-11-04T17:00,2026-10-06,https://www.mercadopublico.cl/Procurement/Modules/RFB/DetailsAcquisition.aspx?idlicitacion=691-8-LP26
2713-186-LE26,Estudio Proyectos de Semaforos,7,False,I MUNICIPALIDAD DE AYSEN,Región Aysén del General Carlos Ibáñez del Campo,,2026-10-21T15:00,2026-10-06,https://www.mercadopublico.cl/Procurement/Modules/RFB/DetailsAcquisition.aspx?idlicitacion=2713-186-LE26
5895-24-O126,E.I. Normalizacion Seguridad Vial Varios Cruces,7,True,MINISTERIO DE OBRAS PUBLICAS DIREC CION GRAL DE OO PP DCYF,Región de Los Ríos,,2026-10-29T08:00,2026-09-11,https://www.mercadopublico.cl/Procurement/Modules/RFB/DetailsAcquisition.aspx?idlicitacion=5895-24-O126
2261-32-O126,"Consultoría Mejoramiento Seguridad Vial Varios Cruces, 2do. Llamado ",7,True,MINISTERIO DE OBRAS PUBLICAS DIREC CION GRAL DE OO PP DCYF,Región de la Araucanía ,,2026-11-03T10:00,2026-10-02,https://www.mercadopublico.cl/Procurement/Modules/RFB/DetailsAcquisition.aspx?idlicitacion=2261-32-O126
5048-24-O126,EST BASICO AUSCULTACION PAV RURALES,7,True,MINISTERIO DE OBRAS PUBLICAS DIREC CION GRAL DE OO PP DCYF,Región Metropolitana de Santiago,,2026-11-05T11:30,2026-07-27,https://www.mercadopublico.cl/Procurement/Modules/RFB/DetailsAcquisition.aspx?idlicitacion=5048-24-O126
2216-21-O126,ESTUDIO INTEGRAL CONCESIÓN CONEXIÓN PUENTE INDUSTRIAL - RUTA INTERPORTUARIA,7,True,MOP Dirección General de Concesiones,Región del Biobío ,,2026-11-19T15:00,2026-08-25,https://www.mercadopublico.cl/Procurement/Modules/RFB/DetailsAcquisition.aspx?idlicitacion=2216-21-O126
2693-34-LP26,PROYECTO FNDR DENOMINADO “ACTUALIZACION PLAN REGULADOR” COMUNA DE ALGARROBO,4,False,I MUNICIPALIDAD DE ALGARROBO,Región de Valparaíso ,,2026-10-13T15:01,2026-08-28,https://www.mercadopublico.cl/Procurement/Modules/RFB/DetailsAcquisition.aspx?idlicitacion=2693-34-LP26
5048-46-O126,EI CONSTR. CAMINO ESTANCIA VICUÑA - YENDEGAIA ETAPA XIV,4,True,MINISTERIO DE OBRAS PUBLICAS DIREC CION GRAL DE OO PP DCYF,Región de Magallanes y de la Antártica,,2026-10-15T10:30,2026-08-31,https://www.mercadopublico.cl/Procurement/Modules/RFB/DetailsAcquisition.aspx?idlicitacion=5048-46-O126
2408-49-LR26,ACTUALIZACION PLAN REGULADOR COMUNAL DE LOS ANGELES ETAPA PROYECTO,4,False,I MUNICIPALIDAD DE LOS ANGELES,Región del Biobío ,364.954.000 CLP,2026-10-16T09:00,2026-09-15,https://www.mercadopublico.cl/Procurement/Modules/RFB/DetailsAcquisition.aspx?idlicitacion=2408-49-LR26
2898-15-LE26,ACTUALIZACIÓN PLAN DE DESARROLLO COMUNAL TDP,4,False,ILUSTRE MUNICIPALIDAD DE TORRES DEL PAIN,Región de Magallanes y de la Antártica,,2026-10-23T18:00,2026-10-08,https://www.mercadopublico.cl/Procurement/Modules/RFB/DetailsAcquisition.aspx?idlicitacion=2898-15-LE26
5048-44-O126,"EST. BÁS: DIAG. OFERTA-DEMANDA VIAL CORREDOR BIOCEÁNICO JAMA-SICO, R. ANT.",4,True,MINISTERIO DE OBRAS PUBLICAS DIREC CION GRAL DE OO PP DCYF,Región Metropolitana de Santiago,,2026-10-26T15:30,2026-08-31,https://www.mercadopublico.cl/Procurement/Modules/RFB/DetailsAcquisition.aspx?idlicitacion=5048-44-O126
2262-11-O126,E.I. PUENTE LA PUNTILLA,4,True,MINISTERIO DE OBRAS PUBLICAS DIREC CION GRAL DE OO PP DCYF,Región del Libertador General Bernardo O´Higgins,,2026-10-27T23:00,2026-09-17,https://www.mercadopublico.cl/Procurement/Modules/RFB/DetailsAcquisition.aspx?idlicitacion=2262-11-O126
5048-52-O126,EST.BÁS. ANÁLISIS INCORP. POLVO DE CAUCHO PAVIMENTO SOSTENIBLE,4,True,MINISTERIO DE OBRAS PUBLICAS DIREC CION GRAL DE OO PP DCYF,Región Metropolitana de Santiago,,2026-10-29T10:30,2026-09-11,https://www.mercadopublico.cl/Procurement/Modules/RFB/DetailsAcquisition.aspx?idlicitacion=5048-52-O126
5048-55-O126,E.PREF. AMPLIACION Y PASADA URBANA RUTA N-55 SECTOR CHILLAN-PINTO,4,True,MINISTERIO DE OBRAS PUBLICAS DIREC CION GRAL DE OO PP DCYF,Región del Ñuble,,2026-11-03T10:30,2026-09-30,https://www.mercadopublico.cl/Procurement/Modules/RFB/DetailsAcquisition.aspx?idlicitacion=5048-55-O126
5048-54-O126,"EST PREFACTIBILIDAD PUENTE ANTOLIN, REGION AYSEN",4,True,MINISTERIO DE OBRAS PUBLICAS DIREC CION GRAL DE OO PP DCYF,Región Aysén del General Carlos Ibáñez del Campo,,2026-11-06T11:30,2026-09-16,https://www.mercadopublico.cl/Procurement/Modules/RFB/DetailsAcquisition.aspx?idlicitacion=5048-54-O126
5048-66-O126,"E.BÁSICO DIAGNÓSTICO ZONAS ADELANTAM.,BIOBÍO Y ARAUCANÍA SEGUNDO LLAMADO ",4,True,MINISTERIO DE OBRAS PUBLICAS DIREC CION GRAL DE OO PP DCYF,Región del Biobío ,,2026-11-11T10:30,2026-10-08,https://www.mercadopublico.cl/Procurement/Modules/RFB/DetailsAcquisition.aspx?idlicitacion=5048-66-O126
5048-59-O126,"EST. BAS. DIAGNÓSTICO CONECTIVIDAD RUTA 5 - PASO MAMUIL MALAL, R. ARAUCANÍA",4,True,MINISTERIO DE OBRAS PUBLICAS DIREC CION GRAL DE OO PP DCYF,Región de la Araucanía ,,2026-11-17T09:30,2026-09-30,https://www.mercadopublico.cl/Procurement/Modules/RFB/DetailsAcquisition.aspx?idlicitacion=5048-59-O126
4880-41-LE26,SERVICIO DE PRODUCCIÓN Y APOYO LOGISTICO SEMINARIO,3,False,SUBSECRETARÍA DE LAS CULTURAS Y LAS ARTES,Región de Antofagasta ,8.400.000 CLP,2026-10-13T15:11,2026-10-01,https://www.mercadopublico.cl/Procurement/Modules/RFB/DetailsAcquisition.aspx?idlicitacion=4880-41-LE26
1049-78-LE26,SERVICIO APLICACION DE ENCUESTA SOCIOECONOMICA A ARMADORES ARTESANALES DE JIBIA,3,False,INSTITUTO DE FOMENTO PESQUERO,Región de Valparaíso ,10.000.000 CLP,2026-10-13T16:00,2026-10-02,https://www.mercadopublico.cl/Procurement/Modules/RFB/DetailsAcquisition.aspx?idlicitacion=1049-78-LE26
1071775-16-LE26,ENCUESTA BARÓMETRO REGIONAL 2026,3,False,UNIVERSIDAD DE LOS LAGOS,Región de los Lagos ,15.000.000 CLP,2026-10-19T15:30,2026-10-06,https://www.mercadopublico.cl/Procurement/Modules/RFB/DetailsAcquisition.aspx?idlicitacion=1071775-16-LE26
3445-11-LE26,ANALISIS ALTERNATIVAS VIALES Y GESTION DE TRANSITO,3,False,I MUNICIPALIDAD DE RINCONADA,Región de Valparaíso ,30.000.000 CLP,2026-10-22T09:20,2026-10-07,https://www.mercadopublico.cl/Procurement/Modules/RFB/DetailsAcquisition.aspx?idlicitacion=3445-11-LE26
